{
    "company_info": {
        "Company Description": "Continental Immigration is the fastest growing immigration consultants having expertise of providing quality solutions in immigration services to individuals, families and corporate clients those who are seeking to settle, work, study, visit or move temporarily or permanently in Canada, Australia, New Zealand , Denmark, Germany, UK, Poland, Hong Kong etc.",
        "Email": "hr.continentalimmigration@gmail.com",
        "Company Name": "Continental  Immigration Consultancy Services Pvt Ltd. Hiring For Continental  Immigration Consultancy Services Pvt Ltd.",
        "Telephone": "01142358804"
    },
    "api_data": {
        "job_location": [
            "Delhi"
        ],
        "jd_id": "6523883",
        "job_keywords": [
            "Management",
            " Counselling",
            " BDM",
            " sales",
            " business development",
            " CRM",
            "sales manager",
            " Client relationship",
            " immigration",
            " immigration consultant"
        ],
        "job_industry": "Travel / Tourism",
        "company_name": "Continental  Immigration Consultancy Services Pvt Ltd. Hiring For Continental  Immigration Consultancy Services Pvt Ltd.",
        "job_experience": "1 to 3 Yrs",
        "job_title": "Required Immigration specialist/consultant in Delhi"
    },
    "other_details": {
        "Other Skills:": [
            "sales manager",
            "Client relationship",
            "immigration",
            "immigration consultant"
        ],
        "Department:": [
            "Sales / BD"
        ],
        "Industry:": [
            "Travel / Tourism"
        ],
        "Skills:": [
            "Management",
            "Counselling",
            "BDM",
            "sales",
            "business development",
            "CRM"
        ]
    },
    "topbox_information": {
        "salary_information": "Rs 1.0  - 3.0 Lakh/Yr"
    },
    "jd_information": {
        "description": "Dear Candidate,Greetings From Continental Immigration!!Immediate Opening for the Immigration consultant.Location- Nehru Place, New DelhiPackage- Best in IndustryExperience- Minimum 6 MonthsJob Timing- 9:30 to 6:00Job DescriptionInterested Candidate send their CV's athr.continentalimmigration@gmail.comor call at011 42358819/ 9350820777"
    },
    "_id": "6523883"
}